rank,user link country,players name,user link profile,performance points
#1,https://web.archive.org/web/20241229214838/https://osu.ppy.sh/rankings/osu/performance?country=AU,mrekk,https://web.archive.org/web/20241229214838/https://osu.ppy.sh/users/7562902/osu,"31,041"
#2,https://web.archive.org/web/20241229214838/https://osu.ppy.sh/rankings/osu/performance?country=GB,Accolibed,https://web.archive.org/web/20241229214838/https://osu.ppy.sh/users/9269034/osu,"26,942"
#3,https://web.archive.org/web/20241229214838/https://osu.ppy.sh/rankings/osu/performance?country=PL,wroclaw,https://web.archive.org/web/20241229214838/https://osu.ppy.sh/users/15406985/osu,"26,201"
#4,https://web.archive.org/web/20241229214838/https://osu.ppy.sh/rankings/osu/performance?country=ID,Detective,https://web.archive.org/web/20241229214838/https://osu.ppy.sh/users/11367222/osu,"24,806"
#5,https://web.archive.org/web/20241229214838/https://osu.ppy.sh/rankings/osu/performance?country=NO,NINERIK,https://web.archive.org/web/20241229214838/https://osu.ppy.sh/users/10549880/osu,"24,004"
#6,https://web.archive.org/web/20241229214838/https://osu.ppy.sh/rankings/osu/performance?country=PL,gnahus,https://web.archive.org/web/20241229214838/https://osu.ppy.sh/users/12779141/osu,"23,643"
#7,https://web.archive.org/web/20241229214838/https://osu.ppy.sh/rankings/osu/performance?country=PL,milosz,https://web.archive.org/web/20241229214838/https://osu.ppy.sh/users/13108233/osu,"23,327"
#8,https://web.archive.org/web/20241229214838/https://osu.ppy.sh/rankings/osu/performance?country=RU,NyanPotato,https://web.archive.org/web/20241229214838/https://osu.ppy.sh/users/13211727/osu,"23,277"
#9,https://web.archive.org/web/20241229214838/https://osu.ppy.sh/rankings/osu/performance?country=US,bored yes,https://web.archive.org/web/20241229214838/https://osu.ppy.sh/users/21207816/osu,"22,752"
#10,https://web.archive.org/web/20241229214838/https://osu.ppy.sh/rankings/osu/performance?country=US,JappaDeKappa,https://web.archive.org/web/20241229214838/https://osu.ppy.sh/users/11496364/osu,"22,718"
#11,https://web.archive.org/web/20241229214838/https://osu.ppy.sh/rankings/osu/performance?country=ES,creator,https://web.archive.org/web/20241229214838/https://osu.ppy.sh/users/13962152/osu,"21,779"
#12,https://web.archive.org/web/20241229214838/https://osu.ppy.sh/rankings/osu/performance?country=KR,FlyingTuna,https://web.archive.org/web/20241229214838/https://osu.ppy.sh/users/9224078/osu,"21,670"
#13,https://web.archive.org/web/20241229214838/https://osu.ppy.sh/rankings/osu/performance?country=AU,ASecretBox,https://web.archive.org/web/20241229214838/https://osu.ppy.sh/users/7341183/osu,"21,592"
#14,https://web.archive.org/web/20241229214838/https://osu.ppy.sh/rankings/osu/performance?country=AU,aknzx,https://web.archive.org/web/20241229214838/https://osu.ppy.sh/users/9938943/osu,"21,538"
#15,https://web.archive.org/web/20241229214838/https://osu.ppy.sh/rankings/osu/performance?country=RU,Chicony,https://web.archive.org/web/20241229214838/https://osu.ppy.sh/users/5199332/osu,"21,513"
#16,https://web.archive.org/web/20241229214838/https://osu.ppy.sh/rankings/osu/performance?country=DE,aimbotcone,https://web.archive.org/web/20241229214838/https://osu.ppy.sh/users/12952320/osu,"21,392"
#17,https://web.archive.org/web/20241229214838/https://osu.ppy.sh/rankings/osu/performance?country=BR,MINHOCA LOKA,https://web.archive.org/web/20241229214838/https://osu.ppy.sh/users/10651184/osu,"21,276"
#18,https://web.archive.org/web/20241229214838/https://osu.ppy.sh/rankings/osu/performance?country=US,sytho,https://web.archive.org/web/20241229214838/https://osu.ppy.sh/users/4175698/osu,"21,101"
#19,https://web.archive.org/web/20241229214838/https://osu.ppy.sh/rankings/osu/performance?country=KR,worst hr player,https://web.archive.org/web/20241229214838/https://osu.ppy.sh/users/14106450/osu,"20,949"
#20,https://web.archive.org/web/20241229214838/https://osu.ppy.sh/rankings/osu/performance?country=PH,enri,https://web.archive.org/web/20241229214838/https://osu.ppy.sh/users/8640970/osu,"20,938"
#21,https://web.archive.org/web/20241229214838/https://osu.ppy.sh/rankings/osu/performance?country=US,WindowLife,https://web.archive.org/web/20241229214838/https://osu.ppy.sh/users/4108547/osu,"20,936"
#22,https://web.archive.org/web/20241229214838/https://osu.ppy.sh/rankings/osu/performance?country=US,Flaro,https://web.archive.org/web/20241229214838/https://osu.ppy.sh/users/10323184/osu,"145,132"
#23,https://web.archive.org/web/20241229214838/https://osu.ppy.sh/rankings/osu/performance?country=KR,jahkon,https://web.archive.org/web/20241229214838/https://osu.ppy.sh/users/12137295/osu,"20,609"
#24,https://web.archive.org/web/20241229214838/https://osu.ppy.sh/rankings/osu/performance?country=NZ,yamss,https://web.archive.org/web/20241229214838/https://osu.ppy.sh/users/6600930/osu,"20,576"
#25,https://web.archive.org/web/20241229214838/https://osu.ppy.sh/rankings/osu/performance?country=MY,shimon,https://web.archive.org/web/20241229214838/https://osu.ppy.sh/users/7525949/osu,"20,543"
#26,https://web.archive.org/web/20241229214838/https://osu.ppy.sh/rankings/osu/performance?country=RO,femboygaming,https://web.archive.org/web/20241229214838/https://osu.ppy.sh/users/14626797/osu,"20,420"
#27,https://web.archive.org/web/20241229214838/https://osu.ppy.sh/rankings/osu/performance?country=RU,Lexu2S,https://web.archive.org/web/20241229214838/https://osu.ppy.sh/users/8251785/osu,"20,407"
#28,https://web.archive.org/web/20241229214838/https://osu.ppy.sh/rankings/osu/performance?country=GB,Plasma,https://web.archive.org/web/20241229214838/https://osu.ppy.sh/users/10077431/osu,"20,403"
#29,https://web.archive.org/web/20241229214838/https://osu.ppy.sh/rankings/osu/performance?country=PH,Milkteaism,https://web.archive.org/web/20241229214838/https://osu.ppy.sh/users/9642774/osu,"20,328"
#30,https://web.archive.org/web/20241229214838/https://osu.ppy.sh/rankings/osu/performance?country=DE,WhiteCat,https://web.archive.org/web/20241229214838/https://osu.ppy.sh/users/4504101/osu,"20,308"
#31,https://web.archive.org/web/20241229214838/https://osu.ppy.sh/rankings/osu/performance?country=AR,Pipipupu997,https://web.archive.org/web/20241229214838/https://osu.ppy.sh/users/20120615/osu,"20,232"
#32,https://web.archive.org/web/20241229214838/https://osu.ppy.sh/rankings/osu/performance?country=CA,Zylice,https://web.archive.org/web/20241229214838/https://osu.ppy.sh/users/5033077/osu,"20,166"
#33,https://web.archive.org/web/20241229214838/https://osu.ppy.sh/rankings/osu/performance?country=PL,MALISZEWSKI,https://web.archive.org/web/20241229214838/https://osu.ppy.sh/users/12408961/osu,"20,098"
#34,https://web.archive.org/web/20241229214838/https://osu.ppy.sh/rankings/osu/performance?country=CL,Shyot73,https://web.archive.org/web/20241229214838/https://osu.ppy.sh/users/7918057/osu,"20,095"
#35,https://web.archive.org/web/20241229214838/https://osu.ppy.sh/rankings/osu/performance?country=AE,suurii,https://web.archive.org/web/20241229214838/https://osu.ppy.sh/users/10916561/osu,"20,029"
#36,https://web.archive.org/web/20241229214838/https://osu.ppy.sh/rankings/osu/performance?country=JP,ChocoPafe,https://web.archive.org/web/20241229214838/https://osu.ppy.sh/users/8856806/osu,"20,025"
#37,https://web.archive.org/web/20241229214838/https://osu.ppy.sh/rankings/osu/performance?country=KZ,Kamensh1k,https://web.archive.org/web/20241229214838/https://osu.ppy.sh/users/16817965/osu,"19,997"
#38,https://web.archive.org/web/20241229214838/https://osu.ppy.sh/rankings/osu/performance?country=AU,-cloppit,https://web.archive.org/web/20241229214838/https://osu.ppy.sh/users/19851850/osu,"19,975"
#39,https://web.archive.org/web/20241229214838/https://osu.ppy.sh/rankings/osu/performance?country=US,Utami,https://web.archive.org/web/20241229214838/https://osu.ppy.sh/users/7512553/osu,"19,738"
#40,https://web.archive.org/web/20241229214838/https://osu.ppy.sh/rankings/osu/performance?country=US,yellow sucks,https://web.archive.org/web/20241229214838/https://osu.ppy.sh/users/25444680/osu,"19,733"
#41,https://web.archive.org/web/20241229214838/https://osu.ppy.sh/rankings/osu/performance?country=US,Freddie Benson,https://web.archive.org/web/20241229214838/https://osu.ppy.sh/users/7342622/osu,"19,721"
#42,https://web.archive.org/web/20241229214838/https://osu.ppy.sh/rankings/osu/performance?country=US,hydrogen bomb,https://web.archive.org/web/20241229214838/https://osu.ppy.sh/users/7813296/osu,"19,649"
#43,https://web.archive.org/web/20241229214838/https://osu.ppy.sh/rankings/osu/performance?country=TH,freezes,https://web.archive.org/web/20241229214838/https://osu.ppy.sh/users/15296720/osu,"19,619"
#44,https://web.archive.org/web/20241229214838/https://osu.ppy.sh/rankings/osu/performance?country=DE,yary,https://web.archive.org/web/20241229214838/https://osu.ppy.sh/users/13300203/osu,"19,560"
#45,https://web.archive.org/web/20241229214838/https://osu.ppy.sh/rankings/osu/performance?country=ES,kazamabc,https://web.archive.org/web/20241229214838/https://osu.ppy.sh/users/6937470/osu,"19,547"
#46,https://web.archive.org/web/20241229214838/https://osu.ppy.sh/rankings/osu/performance?country=PL,Rafis,https://web.archive.org/web/20241229214838/https://osu.ppy.sh/users/2558286/osu,"19,539"
#47,https://web.archive.org/web/20241229214838/https://osu.ppy.sh/rankings/osu/performance?country=CA,xootynator,https://web.archive.org/web/20241229214838/https://osu.ppy.sh/users/3717598/osu,"19,387"
#48,https://web.archive.org/web/20241229214838/https://osu.ppy.sh/rankings/osu/performance?country=GB,atlas,https://web.archive.org/web/20241229214838/https://osu.ppy.sh/users/9074780/osu,"19,381"
#49,https://web.archive.org/web/20241229214838/https://osu.ppy.sh/rankings/osu/performance?country=CL,Mathi,https://web.archive.org/web/20241229214838/https://osu.ppy.sh/users/5339515/osu,"19,370"
#50,https://web.archive.org/web/20241229214838/https://osu.ppy.sh/rankings/osu/performance?country=BE,hexi,https://web.archive.org/web/20241229214838/https://osu.ppy.sh/users/10760701/osu,"19,291"
